﻿IF OBJECT_ID('MARKA', 'U') IS NOT NULL DROP TABLE MARKA;
IF OBJECT_ID('MODELL', 'U') IS NOT NULL DROP TABLE MODELL;
IF OBJECT_ID('EXTRA', 'U') IS NOT NULL DROP TABLE EXTRA;

CREATE TABLE MARKA 
    (ID              NUMERIC(2) NOT NULL,
     NEV               VARCHAR(14),
     ORSZAG                 VARCHAR(13),
	EV			NUMERIC(4),
  CONSTRAINT MARKA_PRIMARY_KEY PRIMARY KEY (ID));

INSERT INTO MARKA VALUES (10,'FORD','USA',1970);
INSERT INTO MARKA VALUES (20,'TESLA','USA',2003);
INSERT INTO MARKA VALUES (30,'HONDA','JAPAN',1948);
INSERT INTO MARKA VALUES (40,'BMW','GERMANY',1929);

CREATE TABLE MODELL 
    (ID               NUMERIC(4) NOT NULL,
     MARKA_ID              NUMERIC(2) NOT NULL,
     NEV               VARCHAR(10),
     EV                 NUMERIC(4),
     MOTORTERFOGAT                 NUMERIC(6),
     LOERO            NUMERIC(4),
     
  CONSTRAINT MODELL_FOREIGN_KEY FOREIGN KEY (MARKA_ID) REFERENCES MARKA (ID),
  CONSTRAINT MODELL_PRIMARY_KEY PRIMARY KEY (ID));

INSERT INTO MODELL VALUES (7839,10,'MONDEO',1990,900,250);
INSERT INTO MODELL VALUES (8159,10,'CSASAD',1991,500,300);
INSERT INTO MODELL VALUES (9142,10,'EEEEEE',1992,600,350);
INSERT INTO MODELL VALUES (1001,20,'RRRRR',1993,880,400);
INSERT INTO MODELL VALUES (2876,20,'TTTTTT',1994,400,200);
INSERT INTO MODELL VALUES (3254,20,'ZZZZZZ',1995,600,220);
INSERT INTO MODELL VALUES (4435,30,'UUUUU',1996,800,450);
INSERT INTO MODELL VALUES (5234,30,'IIIII',1997,600,540);
INSERT INTO MODELL VALUES (6925,30,'OOOOO',1997,500,500);
INSERT INTO MODELL VALUES (7134,40,'SSSSS',1998,800,240);
INSERT INTO MODELL VALUES (8630,40,'DDDDD',1998,900,570);
INSERT INTO MODELL VALUES (9357,40,'FFFFF',1999,800,250);




CREATE TABLE EXTRA 
    (ID               NUMERIC(4) NOT NULL,
     MODELL_ID              NUMERIC(4) NOT NULL,
     NEV               VARCHAR(10),
     AR                 NUMERIC(10),
     SZIN                 VARCHAR(15),
     
  CONSTRAINT EXTRA_FOREIGN_KEY FOREIGN KEY (MODELL_ID) REFERENCES MODELL (ID),
  CONSTRAINT EXTRA_PRIMARY_KEY PRIMARY KEY (ID));

INSERT INTO EXTRA VALUES (1234,7839,'VVVVV',2000000,'XXXXXX');
INSERT INTO EXTRA VALUES (2345,2876,'BBBBB',3000000,'AAAA');
INSERT INTO EXTRA VALUES (3456,3254,'NNNNNN',4000000,'SSSSS');
INSERT INTO EXTRA VALUES (4567,5234,'MMMMMM',5000000,'X');
INSERT INTO EXTRA VALUES (5678,7134,'LLLLL',6000000,'ZZZZZ');
INSERT INTO EXTRA VALUES (6789,9357,'PPPPP',7000000,'IUIZ');
